业务模块,序号,事件名称,事件说明,触发时机,业务价值,uv,num,,,,,,,,,,,,
用户注册流程 (Onboarding),2,pwa_login_success,登录成功,用户成功登录,统计登录成功率,19802,27551,,,,,,,,,,,,
用户注册流程 (Onboarding),3,pwa_login_failed,登录失败,登录失败,分析登录失败原因,649,3089,,,,,,,,,,,,
用户注册流程 (Onboarding),4,pwa_onboarding_username_page_show,用户名页面展示,进入用户名设置页,注册流程漏斗分析,19250,50275,,,,,,,,,,,,
用户注册流程 (Onboarding),5,pwa_onboarding_username_page_confirm,用户名确认,确认用户名,用户名设置完成率,12549,16744,,,,,,,,,,,,
用户注册流程 (Onboarding),6,pwa_onboarding_age_page_show,年龄页面展示,进入年龄设置页,注册流程漏斗分析,12670,29794,,,,,,,,,,,,
用户注册流程 (Onboarding),7,pwa_onboarding_age_page_confirm,年龄确认,确认年龄,年龄设置完成率,12166,20634,,,,,,,,,,,,
用户注册流程 (Onboarding),12,pwa_onboarding_location_page_show,位置页面展示,进入位置设置页,注册流程漏斗分析,1414,1758,,,,,,,,,,,,
用户注册流程 (Onboarding),13,pwa_onboarding_location_page_confirm,位置确认,确认位置信息,位置设置完成率,310,435,,,,,,,,,,,,
用户注册流程 (Onboarding),18,pwa_onboarding_photo_page_show,照片页面展示,进入照片上传页,注册流程漏斗分析,12180,21374,,,,,,,,,,,,
用户注册流程 (Onboarding),19,pwa_onboarding_photo_page_select_photo_success,照片选择成功,成功选择照片,照片选择成功率,7821,10653,,,,,,,,,,,,
用户注册流程 (Onboarding),22,pwa_onboarding_photo_page_confirm,照片页面确认,确认照片上传,照片上传完成率,6843,7392,,,,,,,,,,,,
用户注册流程 (Onboarding),23,pwa_reg_photo_save_success_click,注册照片保存成功点击,照片保存成功后点击,照片保存成功率,9909,37756,,,,,,,,,,,,
用户注册流程 (Onboarding),25,pwa_onboarding_upload_photo_page_server_success,照片上传服务器成功,照片成功上传到服务器,服务器上传成功率,7135,9180,,,,,,,,,,,,
用户注册流程 (Onboarding),26,pwa_onboarding_upload_photo_page_server_failure,照片上传服务器失败,照片上传服务器失败,服务器上传失败率,1039,3542,,,,,,,,,,,,
用户注册流程 (Onboarding),27,pwa_onboarding_success,注册流程完成,完成整个注册流程,注册完成率统计,6017,6027,,,,,,,,,,,,
用户注册流程 (Onboarding),28,pwa_google_login_button_click,Google登录按钮点击,点击Google登录,Google登录使用率,11907,16314,,,,,,,,,,,,
用户注册流程 (Onboarding),29,pwa_reg_photo_open_album,注册打开相册,打开相册选择照片,相册使用率,10884,39165,,,,,,,,,,,,
用户注册流程 (Onboarding),30,pwa_reg_photo_select,注册选择照片,选择照片,照片选择行为,10144,30676,,,,,,,,,,,,
用户注册流程 (Onboarding),31,pwa_reg_photo_audit_result,注册照片审核结果,照片审核完成,审核通过率统计,7705,15551,,,,,,,,,,,,
用户注册流程 (Onboarding),32,pwa_reg_photo_click_next,注册照片点击下一步,点击下一步按钮,流程推进率,5148,23924,,,,,,,,,,,,
转化漏斗 (Conversion Funnel),33,pwa_ad_cashout_click,广告提现点击,广告页面点击提现,广告转化率统计,8846,9694,,,,,,,,,,,,
转化漏斗 (Conversion Funnel),34,pwa_ad_cashout_click_non_chrome,非Chrome广告提现点击,非Chrome浏览器点击提现,浏览器兼容性分析,19673,28548,,,,,,,,,,,,
转化漏斗 (Conversion Funnel),37,web_ads_link_page_show,广告落地页展示,广告落地页加载,广告曝光统计,15206,17537,,,,,,,,,,,,
转化漏斗 (Conversion Funnel),38,web_ads_link_page_show_non_chrome,非Chrome广告落地页展示,非Chrome浏览器广告页展示,浏览器分布分析,31507,46328,,,,,,,,,,,,
转化漏斗 (Conversion Funnel),39,web_login_page_show,登录页展示,登录页面加载,登录页曝光,28850,61593,,,,,,,,,,,,
转化漏斗 (Conversion Funnel),40,web_login_page_google_success,登录页Google登录成功,Google登录成功,Google登录成功率,16152,21756,,,,,,,,,,,,
转化漏斗 (Conversion Funnel),41,web_login_page_google_failed,登录页Google登录失败,Google登录失败,Google登录失败率,5,12,,,,,,,,,,,,
转化漏斗 (Conversion Funnel),42,web_login_page_carousel_1_show,登录页轮播图1展示,第1张轮播图展示,轮播图曝光统计,23449,28015,,,,,,,,,,,,
转化漏斗 (Conversion Funnel),43,web_login_page_carousel_1_click,登录页轮播图1点击,点击第1张轮播图,轮播图点击率,13138,14749,,,,,,,,,,,,
转化漏斗 (Conversion Funnel),44,web_login_page_carousel_2_show,登录页轮播图2展示,第2张轮播图展示,轮播图曝光统计,23449,28015,,,,,,,,,,,,
转化漏斗 (Conversion Funnel),45,web_login_page_carousel_2_click,登录页轮播图2点击,点击第2张轮播图,轮播图点击率,13321,14666,,,,,,,,,,,,
转化漏斗 (Conversion Funnel),46,web_login_page_carousel_3_show,登录页轮播图3展示,第3张轮播图展示,轮播图曝光统计,23449,28015,,,,,,,,,,,,
转化漏斗 (Conversion Funnel),47,web_login_page_carousel_3_click,登录页轮播图3点击,点击第3张轮播图,轮播图点击率,14583,15729,,,,,,,,,,,,
转化漏斗 (Conversion Funnel),48,web_install_page_show,安装页展示,安装引导页展示,安装引导曝光,15552,19603,,,,,,,,,,,,
转化漏斗 (Conversion Funnel),49,web_install_page_click,安装页点击,点击安装按钮,安装意向统计,11739,17861,,,,,,,,,,,,
转化漏斗 (Conversion Funnel),50,web_install_clip_show,安装提示展示,安装提示弹窗展示,提示曝光率,8007,8618,,,,,,,,,,,,
转化漏斗 (Conversion Funnel),51,web_install_clip_clicked,安装提示点击,点击安装提示,提示点击率,6934,7093,,,,,,,,,,,,
转化漏斗 (Conversion Funnel),52,web_install_dismiss,安装提示关闭,关闭安装提示,提示关闭率,1103,1216,,,,,,,,,,,,
转化漏斗 (Conversion Funnel),53,web_install_timeout,安装超时,安装等待超时,安装超时率,28,29,,,,,,,,,,,,
转化漏斗 (Conversion Funnel),54,web_install_success,安装成功,PWA安装成功,安装成功率,8633,12738,,,,,,,,,,,,
转化漏斗 (Conversion Funnel),55,web_install_failed,安装失败,PWA安装失败,安装失败率,6729,6805,,,,,,,,,,,,
提现流程 (Cashout),87,pwa_withdraw_task_complete,提现任务完成,完成提现相关任务,任务完成统计,6858,211188,,,,,,,,,,,,
提现流程 (Cashout),88,pwa_withdraw_audit_apply,提现审核申请,提交提现审核申请,审核申请统计,6262,14962,,,,,,,,,,,,
任务系统 (Tasks),92,pwa_home_cash_task_show,首页现金任务展示,现金任务卡片展示,任务曝光统计,5722,151399,,,,,,,,,,,,
任务系统 (Tasks),93,pwa_home_cash_task_click,首页现金任务点击,点击现金任务,任务点击率,2856,17594,,,,,,,,,,,,
任务系统 (Tasks),94,pwa_home_cash_task_result,首页现金任务结果,任务完成结果,任务完成率,3591,14171,,,,,,,,,,,,
视频通话 (Video Call),124,pwa_video_call_received,收到视频通话,收到视频通话请求,通话接收统计,2227,284951,,,,,,,,,,,,
视频通话 (Video Call),125,pwa_video_call_accepted,接受视频通话,接受视频通话,通话接受率,2045,240867,,,,,,,,,,,,
视频通话 (Video Call),128,pwa_video_call_started,视频通话开始,通话连接成功,通话开始统计,1479,193008,,,,,,,,,,,,
视频通话 (Video Call),131,pwa_call_connected,通话连接成功,通话成功建立连接,连接成功率,4517,322112,,,,,,,,,,,,
视频通话 (Video Call),139,pwa_call_error,通话错误,通话过程中出错,错误类型分析,1576,65253,,,,,,,,,,,,
聊天功能 (Chat),159,pwa_chat_send_message,发送聊天消息,发送文本消息,消息发送统计,3755,432261,,,,,,,,,,,,
聊天功能 (Chat),163,pwa_chat_send_gift,发送礼物,发送礼物,礼物发送统计,208,778,,,,,,,,,,,,
社交功能 (Social),207,pwa_game_entry_click,游戏入口点击,点击游戏入口,游戏入口点击率,2219,30098,,,,,,,,,,,,
权限请求 (Permissions),211,pwa_perm_camera_request,相机权限请求,请求相机权限,权限请求统计,5954,109476,,,,,,,,,,,,
权限请求 (Permissions),214,pwa_perm_mic_request,麦克风权限请求,请求麦克风权限,权限请求统计,4783,80062,,,,,,,,,,,,
权限请求 (Permissions),220,pwa_perm_location_request,位置权限请求,请求位置权限,权限请求统计,5464,18165,,,,,,,,,,,,
个人中心 (Profile),228,pwa_mepage_change_avatar_click,更换头像点击,点击更换头像,头像更换意向,2247,6182,,,,,,,,,,,,
转化计划 (Conversion Plan),248,pwa_conv_lp_show,转化落地页展示,转化落地页加载,落地页曝光统计,46615,63858,,,,,,,,,,,,
转化计划 (Conversion Plan),249,pwa_conv_lp_clickButton,转化落地页按钮点击,点击落地页按钮,落地页转化率,28517,38240,,,,,,,,,,,,
转化计划 (Conversion Plan),278,pwa_conv_cash_out_clickButton,转化提现按钮点击,点击提现按钮,提现转化率,6081,11875,,,,,,,,,,,,
转化计划 (Conversion Plan),288,pwa_conv_entry_coin_click,转化入口金币点击,点击左上角金币图标,金币入口点击率,3575,35987,,,,,,,,,,,,
转化计划 (Conversion Plan),289,pwa_conv_entry_paypal_click,转化入口PayPal点击,点击PayPal按钮,PayPal入口点击率,2330,26379,,,,,,,,,,,,
转化计划 (Conversion Plan),290,pwa_conv_entry_visa_click,转化入口Visa点击,点击Visa按钮,Visa入口点击率,1155,2869,,,,,,,,,,,,
转化计划 (Conversion Plan),291,pwa_conv_entry_amazon_click,转化入口Amazon点击,点击Amazon按钮,Amazon入口点击率,738,1424,,,,,,,,,,,,
转化计划 (Conversion Plan),292,pwa_conv_entry_bank_click,转化入口Bank点击,点击Bank按钮,Bank入口点击率,1147,3531,,,,,,,,,,,,
转化计划 (Conversion Plan),295,pwa_conv_live_stop_click,转化Live停止点击,点击停止Live,Live停止统计,2927,41658,,,,,,,,,,,,
转化计划 (Conversion Plan),296,pwa_conv_live_stop_cancel,转化Live停止取消,取消停止Live,Live取消统计,2789,37764,,,,,,,,,,,,
转化计划 (Conversion Plan),297,pwa_conv_live_start_click,转化Live开始点击,点击开始Live,Live开始统计,2674,32013,,,,,,,,,,,,
转化计划 (Conversion Plan),302,pwa_conv_call2_end_click,转化第2通结束点击,点击结束通话,结束通话统计,443,1445,,,,,,,,,,,,
转化计划 (Conversion Plan),303,pwa_conv_call2_end_confirm,转化第2通结束确认,确认结束通话,结束确认率,422,1402,,,,,,,,,,,,
转化计划 (Conversion Plan),304,pwa_conv_verify_step_click,转化验证步骤点击,点击验证步骤,验证步骤点击率,3052,6310,,,,,,,,,,,,
转化计划 (Conversion Plan),305,pwa_conv_verify_page_show,转化验证页展示,验证页面展示,验证页曝光,4474,11664,,,,,,,,,,,,
转化计划 (Conversion Plan),306,pwa_conv_verify_btn_click,转化验证按钮点击,点击验证按钮,验证按钮点击率,2958,7036,,,,,,,,,,,,
转化计划 (Conversion Plan),307,pwa_conv_verify_success,转化验证成功,验证成功,验证成功率,2164,2343,,,,,,,,,,,,
转化计划 (Conversion Plan),308,pwa_conv_verify_fail,转化验证失败,验证失败,验证失败率,841,2947,,,,,,,,,,,,
转化计划 (Conversion Plan),309,pwa_conv_final_apk_pop_show,转化最终APK弹窗展示,APK下载弹窗展示,APK弹窗曝光,6228,11457,,,,,,,,,,,,
转化计划 (Conversion Plan),310,pwa_conv_final_apk_download_click,转化最终APK下载点击,点击下载APK,APK下载点击率,4607,15462,,,,,,,,,,,,
转化计划 (Conversion Plan),311,pwa_conv_final_apk_pop_close,转化最终APK弹窗关闭,关闭APK弹窗,APK弹窗关闭率,2445,4833,,,,,,,,,,,,
转化计划 (Conversion Plan),312,pwa_conv_settle_fail_quick_hangup_show,转化结算失败快速挂断展示,显示挂断太快提示,挂断太快统计,2126,8009,,,,,,,,,,,,
转化计划 (Conversion Plan),313,pwa_conv_settle_fail_no_face_show,转化结算失败无人脸展示,显示露脸不足提示,露脸不足统计,2319,19998,,,,,,,,,,,,
收益系统 (Earnings System),401,pwa_earnings_page_show,收益页面展示,进入收益页面,收益页访问统计,5723,213540,,,,,,,,,,,,
收益系统 (Earnings System),402,pwa_earnings_page_tab_show,收益页标签展示,展示收益页标签,标签曝光统计,3846,160616,,,,,,,,,,,,
收益系统 (Earnings System),403,pwa_earnings_page_tab_click,收益页标签点击,点击收益页标签,标签切换统计,5634,194955,,,,,,,,,,,,
收益系统 (Earnings System),404,pwa_earnings_records_page_show,收益记录页展示,查看收益记录,记录页访问统计,6308,79543,,,,,,,,,,,,
收益系统 (Earnings System),405,pwa_earnings_detail_date_click,收益详情日期点击,点击日期筛选,日期筛选使用率,1336,4911,,,,,,,,,,,,
收益系统 (Earnings System),408,pwa_earnings_finish_profile_click,完善资料任务点击,点击完善资料,资料完善意向,1302,1960,,,,,,,,,,,,
收益系统 (Earnings System),409,pwa_earnings_finish_profile_complete,完善资料任务完成,完成资料填写,资料完善完成率,791,835,,,,,,,,,,,,
收益系统 (Earnings System),410,pwa_earnings_record_audio_click,录制音频任务点击,点击录音任务,录音任务参与率,916,2787,,,,,,,,,,,,
收益系统 (Earnings System),411,pwa_earnings_record_audio_complete,录制音频任务完成,完成录音,录音任务完成率,574,2543,,,,,,,,,,,,
收益系统 (Earnings System),412,pwa_earnings_apk_installation_mission_clicked,APK安装任务点击,点击APK安装任务,APK任务点击率,2787,9502,,,,,,,,,,,,
收益系统 (Earnings System),413,pwa_earnings_apk_installation_mission_brief_page_show,APK安装简介页展示,显示APK安装说明,简介页曝光,6243,11487,,,,,,,,,,,,
收益系统 (Earnings System),414,pwa_earnings_apk_installation_install_button_clicked,APK安装按钮点击,点击安装按钮,安装转化率,4619,15617,,,,,,,,,,,,
收益系统 (Earnings System),424,pwa_earning_ins_task_page_one_click,Instagram任务第一步点击,INS绑定第一步,绑定流程统计,1030,6744,,,,,,,,,,,,
收益系统 (Earnings System),425,pwa_earning_ins_task_page_two_click,Instagram任务第二步点击,INS绑定第二步,绑定完成率,459,463,,,,,,,,,,,,
收益系统 (Earnings System),426,pwa_earning_ins_task_complete,Instagram任务完成,完成INS绑定,INS绑定完成率,436,436,,,,,,,,,,,,
AI新手引导 (AI Onboarding),429,pwa_ai_onboarding_reward_toast,AI引导奖励提示,显示奖励提示,奖励提示曝光,2901,30947,,,,,,,,,,,,
AI新手引导 (AI Onboarding),431,pwa_ai_avatar_afk_reward,AI小仔挂机奖励,获得挂机奖励,挂机奖励统计,1501,17058,,,,,,,,,,,,
AI新手引导 (AI Onboarding),432,pwa_ai_avatar_earnings_pop_up_show,AI收益弹窗展示,显示AI收益弹窗,收益弹窗曝光,1494,16947,,,,,,,,,,,,
AI新手引导 (AI Onboarding),433,pwa_ai_avatar_earnings_pop_up_click,AI收益弹窗点击,点击收益弹窗,收益弹窗点击率,1407,14488,,,,,,,,,,,,
AI新手引导 (AI Onboarding),434,gc_apk_ai_onboarding_reward_toast,APK版AI引导奖励提示,APK版显示奖励,APK奖励提示,1636,77704,,,,,,,,,,,,
Instagram集成 (Instagram Integration),439,pwa_ins_authorize_task_status,Instagram授权任务状态,记录INS授权状态,授权状态追踪,1031,9737,,,,,,,,,,,,
Instagram集成 (Instagram Integration),440,pwa_ins_request_pop_up_show,Instagram请求弹窗展示,显示INS权限请求,请求弹窗曝光,585,4789,,,,,,,,,,,,
Instagram集成 (Instagram Integration),441,pwa_ins_request_pop_up_click,Instagram请求弹窗点击,点击INS权限请求,权限授予意向,546,2514,,,,,,,,,,,,
Instagram集成 (Instagram Integration),442,pwa_instagram_request_message_initiative,Instagram主动请求消息,主动请求INS权限,主动请求统计,560,75740,,,,,,,,,,,,
Instagram集成 (Instagram Integration),443,pwa_instagram_request_message_passive,Instagram被动请求消息,被动显示INS请求,被动请求统计,585,7332,,,,,,,,,,,,
Instagram集成 (Instagram Integration),444,pwa_instagram_request_message_passive_click,Instagram被动请求点击,点击被动INS请求,被动请求转化率,165,168,,,,,,,,,,,,
Instagram集成 (Instagram Integration),445,pwa_instagram_reward,Instagram绑定奖励,获得INS绑定奖励,奖励发放统计,382,767,,,,,,,,,,,,
Instagram集成 (Instagram Integration),446,pwa_afk_sys_request_pop_up_show,挂机系统请求弹窗展示,显示挂机INS请求,挂机请求曝光,432,938,,,,,,,,,,,,
Instagram集成 (Instagram Integration),447,pwa_afk_sys_request_pop_up_click,挂机系统请求弹窗点击,点击挂机INS请求,挂机请求转化率,429,858,,,,,,,,,,,,
人脸验证 (Face Verification),448,pwa_face_liveness_detection_page_show,人脸活体检测页展示,进入活体检测页,检测页访问统计,2338,3351,,,,,,,,,,,,
人脸验证 (Face Verification),449,pwa_face_get_face_id_token,获取人脸ID令牌,获取FaceID token,Token获取成功率,3025,5230,,,,,,,,,,,,
人脸验证 (Face Verification),450,pwa_liveness_detection_result,活体检测结果,返回检测结果,检测成功率,2553,5337,,,,,,,,,,,,
人脸验证 (Face Verification),451,pwa_scan_face_result_page_show,扫脸结果页展示,显示扫脸结果,结果页曝光,2286,4052,,,,,,,,,,,,
人脸验证 (Face Verification),455,pwa_verify_photo_page_show,验证照片页展示,进入照片验证页,验证页访问,4475,11675,,,,,,,,,,,,
人脸验证 (Face Verification),456,pwa_verify_photo_page_verify_click,验证照片验证按钮点击,点击验证照片,验证提交统计,2960,7046,,,,,,,,,,,,
人脸验证 (Face Verification),457,pwa_verify_photo_page_upload_new_photo_click,验证照片上传新照片点击,点击上传新照片,重新上传率,435,867,,,,,,,,,,,,
人脸验证 (Face Verification),458,pwa_verify_photo_beauty_score,验证照片颜值评分,获得颜值评分,评分分布统计,2235,2864,,,,,,,,,,,,
个人资料任务 (Profile Tasks),461,pwa_profile_task_interest_tag_show,兴趣标签任务展示,显示兴趣标签页,标签页曝光,2500,6062,,,,,,,,,,,,
个人资料任务 (Profile Tasks),462,pwa_profile_task_interest_tag_continue,兴趣标签任务继续,完成兴趣标签,标签完成率,1049,1397,,,,,,,,,,,,
个人资料任务 (Profile Tasks),463,pwa_profile_task_interest_tag_skip,兴趣标签任务跳过,跳过兴趣标签,标签跳过率,82,94,,,,,,,,,,,,
个人资料任务 (Profile Tasks),464,pwa_profile_task_bio_show,个人简介任务展示,显示简介编辑页,简介页曝光,2133,4059,,,,,,,,,,,,
个人资料任务 (Profile Tasks),465,pwa_profile_task_bio_continue,个人简介任务继续,完成简介填写,简介完成率,866,1044,,,,,,,,,,,,
个人资料任务 (Profile Tasks),466,pwa_profile_task_bio_skip,个人简介任务跳过,跳过简介填写,简介跳过率,234,274,,,,,,,,,,,,
个人资料任务 (Profile Tasks),467,pwa_profile_task_profession_show,职业任务展示,显示职业选择页,职业页曝光,2185,3784,,,,,,,,,,,,
个人资料任务 (Profile Tasks),468,pwa_profile_task_profession_continue,职业任务继续,完成职业选择,职业完成率,857,956,,,,,,,,,,,,
个人资料任务 (Profile Tasks),469,pwa_profile_task_profession_skip,职业任务跳过,跳过职业选择,职业跳过率,208,249,,,,,,,,,,,,
个人资料任务 (Profile Tasks),473,pwa_profile_task_finish_show,资料任务完成页展示,显示任务完成页,完成页曝光,3,4,,,,,,,,,,,,
个人资料任务 (Profile Tasks),482,pwa_profile_create_post_click,创建帖子点击,点击创建帖子,帖子创建意向,1308,5573,,,,,,,,,,,,
APK安装 (APK Installation),483,pwa_apk_install_show,APK安装页展示,显示APK安装引导,安装页曝光,6243,11487,,,,,,,,,,,,
APK安装 (APK Installation),484,pwa_apk_install_click,APK安装点击,点击安装APK,安装意向统计,4619,15617,,,,,,,,,,,,
APK安装 (APK Installation),485,pwa_apk_install_task_status,APK安装任务状态,记录安装任务状态,任务完成追踪,5139,17249,,,,,,,,,,,,
Live直播系统 (Live System),490,pwa_live_start,直播开始,开始直播,直播开始统计,2644,62703,,,,,,,,,,,,
Live直播系统 (Live System),491,pwa_live_close,直播关闭,关闭直播,直播结束统计,3274,87638,,,,,,,,,,,,
Live直播系统 (Live System),493,pwa_live_state,直播状态,记录直播状态,直播状态追踪,93996,967502,,,,,,,,,,,,
Live直播系统 (Live System),494,pwa_live_keep_earning,直播继续赚钱,继续直播赚钱,继续直播率,1401,3798,,,,,,,,,,,,
Live直播系统 (Live System),495,pwa_live_earning_click,直播收益点击,点击直播收益,收益查看统计,640,1212,,,,,,,,,,,,
Live直播系统 (Live System),498,pwa_stop_live,停止直播,停止直播,直播停止统计,3088,73999,,,,,,,,,,,,
Live直播系统 (Live System),500,pwa_golive_enter,进入GoLive状态,进入直播模式,直播模式进入率,2676,32027,,,,,,,,,,,,
Live直播系统 (Live System),501,pwa_golive_mock_trigger,GoLive模拟触发,触发模拟通话,模拟通话统计,1309,2339,,,,,,,,,,,,
Live直播系统 (Live System),502,pwa_golive_download_apk_click,GoLive下载APK点击,直播中下载APK,APK下载转化,585,1286,,,,,,,,,,,,
视频通话扩展 (Video Call Extended),503,pwa_call_push_show,通话推送展示,显示通话推送,推送曝光统计,1366,7376,,,,,,,,,,,,
视频通话扩展 (Video Call Extended),504,pwa_call_push_click,通话推送点击,点击通话推送,推送点击率,65,168,,,,,,,,,,,,
视频通话扩展 (Video Call Extended),505,pwa_receive_call_request,收到通话请求,接收通话请求,请求接收统计,2227,285475,,,,,,,,,,,,
视频通话扩展 (Video Call Extended),507,pwa_call_start,通话开始,通话开始,通话开始统计,2139,243487,,,,,,,,,,,,
视频通话扩展 (Video Call Extended),508,pwa_call_end,通话结束,通话结束,通话结束统计,2197,275500,,,,,,,,,,,,
视频通话扩展 (Video Call Extended),509,pwa_call_user_enter,用户进入通话,用户加入通话,用户加入统计,1998,383311,,,,,,,,,,,,
视频通话扩展 (Video Call Extended),510,pwa_call_user_leave,用户离开通话,用户退出通话,用户退出统计,1904,166562,,,,,,,,,,,,
视频通话扩展 (Video Call Extended),511,pwa_call_remote_video_available,远端视频可用,远端视频流可用,视频流统计,1882,270248,,,,,,,,,,,,
视频通话扩展 (Video Call Extended),512,pwa_call_remote_audio_available,远端音频可用,远端音频流可用,音频流统计,1884,247755,,,,,,,,,,,,
视频通话扩展 (Video Call Extended),515,pwa_call_fullscreen_popup_show,全屏通话弹窗展示,显示全屏弹窗,全屏弹窗曝光,94256,689046,,,,,,,,,,,,
视频通话扩展 (Video Call Extended),516,pwa_call_fullscreen_popup_click,全屏通话弹窗点击,点击全屏弹窗,全屏接听率,3294,12988,,,,,,,,,,,,
视频通话扩展 (Video Call Extended),517,pwa_call_retain_popup_show,通话挽留弹窗展示,显示挽留弹窗,挽留弹窗曝光,3113,10990,,,,,,,,,,,,
视频通话扩展 (Video Call Extended),518,pwa_call_retain_popup_click,通话挽留弹窗点击,点击挽留弹窗,挽留成功率,876,2383,,,,,,,,,,,,
视频通话扩展 (Video Call Extended),519,pwa_call_real_time_violation_pop_up_show,实时违规弹窗展示,显示违规提示,违规提示曝光,1357,213004,,,,,,,,,,,,
视频通话扩展 (Video Call Extended),520,pwa_call_real_time_deduct_Earnings,实时扣除收益,违规扣除收益,扣费统计,1089,172196,,,,,,,,,,,,
视频通话扩展 (Video Call Extended),521,pwa_video_call_hangup,视频通话挂断,挂断视频通话,视频挂断统计,732,11543,,,,,,,,,,,,
视频通话扩展 (Video Call Extended),522,pwa_video_call_connecting_show,视频通话连接中展示,显示连接中状态,连接状态统计,2227,257783,,,,,,,,,,,,
视频通话扩展 (Video Call Extended),523,pwa_video_call_quit_dialog_show,视频通话退出对话框展示,显示退出确认,退出确认曝光,3415,37463,,,,,,,,,,,,
视频通话扩展 (Video Call Extended),524,pwa_video_call_quit_dialog_end_call_click,视频退出对话框结束通话点击,确认结束通话,结束通话确认率,2521,29077,,,,,,,,,,,,
视频通话扩展 (Video Call Extended),526,pwa_video_call_quit_dialog_keep_earing_click,视频退出对话框继续赚钱点击,选择继续赚钱,继续通话率,954,4936,,,,,,,,,,,,
语音通话 (Voice Call),527,pwa_voice_call_received,收到语音通话,接收语音通话,语音通话接收统计,1,1,,,,,,,,,,,,
语音通话 (Voice Call),530,pwa_voice_call_connecting_show,语音通话连接中展示,显示连接中,连接状态统计,632,3388,,,,,,,,,,,,
聊天功能扩展 (Chat Extended),535,pwa_chats_list_show,聊天列表展示,显示聊天列表,列表访问统计,6409,112897,,,,,,,,,,,,
聊天功能扩展 (Chat Extended),536,pwa_chat_conversation_click,聊天会话点击,点击会话进入聊天,会话打开率,5116,428266,,,,,,,,,,,,
聊天功能扩展 (Chat Extended),537,pwa_chat_detail_show,聊天详情展示,显示聊天详情页,详情页访问,5129,1061671,,,,,,,,,,,,
聊天功能扩展 (Chat Extended),538,pwa_chat_control_status_change,聊天控制状态改变,改变聊天控制状态,控制状态统计,3754,35762,,,,,,,,,,,,
聊天功能扩展 (Chat Extended),539,pwa_chat_profile_card_click,聊天资料卡点击,点击聊天资料卡,资料卡查看率,1992,14667,,,,,,,,,,,,
聊天功能扩展 (Chat Extended),540,pwa_waiting_reward_show,等待奖励展示,显示等待奖励提示,奖励提示曝光,3743,375269,,,,,,,,,,,,
聊天功能扩展 (Chat Extended),541,pwa_waiting_reward_click,等待奖励点击,点击等待奖励,奖励领取意向,3334,124179,,,,,,,,,,,,
聊天功能扩展 (Chat Extended),542,pwa_jump_next_reward_click,跳转下一个奖励点击,点击跳转奖励,奖励跳转率,3521,582284,,,,,,,,,,,,
游戏系统 (Game System),543,pwa_game_round_start,游戏回合开始,开始游戏回合,游戏开始统计,2121,414606,,,,,,,,,,,,
游戏系统 (Game System),544,pwa_game_round_end,游戏回合结束,结束游戏回合,游戏完成统计,2118,347620,,,,,,,,,,,,
游戏系统 (Game System),545,pwa_game_compensation_receive,游戏补偿领取,领取游戏补偿,补偿发放统计,468,933,,,,,,,,,,,,
游戏系统 (Game System),546,pwa_game_to_message_click,游戏跳转消息点击,从游戏跳转消息,游戏转聊天率,951,7883,,,,,,,,,,,,
Mock测试系统 (Mock Testing),555,pwa_mock_call_receive,收到模拟通话,接收模拟通话,模拟通话统计,5697,145892,,,,,,,,,,,,
Mock测试系统 (Mock Testing),556,pwa_mock_call_answer,接听模拟通话,接听模拟通话,模拟接听率,5051,61283,,,,,,,,,,,,
Mock测试系统 (Mock Testing),557,pwa_mock_subsidy_trigger,模拟补贴触发,触发模拟补贴,补贴触发统计,1700,159679,,,,,,,,,,,,
Mock测试系统 (Mock Testing),558,pwa_mock_result,模拟结果,记录模拟结果,模拟测试结果,5095,144214,,,,,,,,,,,,
Mock测试系统 (Mock Testing),559,pwa_fake_call,假通话,假通话测试,假通话统计,1541,3394904,,,,,,,,,,,,
Mock测试系统 (Mock Testing),560,pwa_waiting_detection_enter,进入待检测状态,进入检测等待,检测等待统计,1336,22042,,,,,,,,,,,,
Mock测试系统 (Mock Testing),561,pwa_waiting_detection_mock_sent,待检测模拟已发送,发送检测模拟,模拟发送统计,1310,19710,,,,,,,,,,,,
Mock测试系统 (Mock Testing),562,pwa_waiting_detection_mock_state,待检测模拟状态,记录模拟状态,状态追踪,1121,10935,,,,,,,,,,,,
Mock测试系统 (Mock Testing),564,pwa_test_video_result,测试视频结果,记录测试结果,测试结果统计,273,471,,,,,,,,,,,,
提现流程扩展 (Cashout Extended),572,pwa_cashout_result,提现结果,记录提现结果,提现结果统计,5366,11241,,,,,,,,,,,,
提现流程扩展 (Cashout Extended),573,pwa_cashout_button_click,提现按钮点击,点击提现按钮,提现按钮点击率,3577,35991,,,,,,,,,,,,
提现流程扩展 (Cashout Extended),575,pwa_cashout_method_click,提现方式点击,选择提现方式,方式选择统计,2594,34206,,,,,,,,,,,,
提现流程扩展 (Cashout Extended),576,pwa_cashout_method_toast,提现方式提示,显示方式选择提示,提示曝光统计,1550,7824,,,,,,,,,,,,
提现流程扩展 (Cashout Extended),577,pwa_cashout_method_result,提现方式结果,记录方式选择结果,方式选择结果,5102,6671,,,,,,,,,,,,
提现流程扩展 (Cashout Extended),578,pwa_cashout_popover_show,提现弹出窗展示,显示提现弹窗,弹窗曝光,6487,24951,,,,,,,,,,,,
提现流程扩展 (Cashout Extended),579,pwa_cashout_popover_click,提现弹出窗点击,点击提现弹窗,弹窗点击率,4705,10778,,,,,,,,,,,,
提现流程扩展 (Cashout Extended),580,pwa_cashout_accountpage_show,提现账户页展示,显示账户详情页,账户页访问,5830,8155,,,,,,,,,,,,
提现流程扩展 (Cashout Extended),581,pwa_cashout_accountpage_confirm,提现账户页确认,确认账户信息,账户确认率,4949,4952,,,,,,,,,,,,
提现流程扩展 (Cashout Extended),582,pwa_cashout_animeflow_show,提现动画流程展示,显示提现动画,动画流程统计,5380,11296,,,,,,,,,,,,
提现流程扩展 (Cashout Extended),583,pwa_cashout_paypal_fail,提现PayPal失败,PayPal提现失败,PayPal失败率,197,1036,,,,,,,,,,,,
提现流程扩展 (Cashout Extended),589,pwa_paypal_login_success,PayPal登录成功,PayPal登录成功,登录成功率,4949,4952,,,,,,,,,,,,
电话号码流程 (Phone Number),590,pwa_onboarding_phone_page_show,注册电话页展示,显示电话输入页,电话页曝光,6563,7001,,,,,,,,,,,,
电话号码流程 (Phone Number),591,pwa_onboarding_phone_page_next_click,注册电话页下一步点击,点击下一步,电话输入完成率,5989,6654,,,,,,,,,,,,
电话号码流程 (Phone Number),592,pwa_onboarding_phone_confirm_modal_show,注册电话确认弹窗展示,显示电话确认弹窗,确认弹窗曝光,5989,6654,,,,,,,,,,,,
电话号码流程 (Phone Number),593,pwa_onboarding_phone_confirm_modal_confirm_click,注册电话确认弹窗确认点击,确认电话号码,电话确认率,5807,5818,,,,,,,,,,,,
电话号码流程 (Phone Number),594,pwa_onboarding_phone_confirm_modal_edit_click,注册电话确认弹窗编辑点击,编辑电话号码,电话修改率,682,795,,,,,,,,,,,,
电话号码流程 (Phone Number),595,pwa_onboarding_phone_page_confirm,注册电话页确认,确认电话信息,电话确认完成率,5807,5818,,,,,,,,,,,,
其他业务事件,596,pwa_home_page_tab_show,首页标签展示,显示首页标签,首页标签曝光,15192,233848,,,,,,,,,,,,
其他业务事件,597,pwa_home_page_tab_click,首页标签点击,点击首页标签,标签切换统计,5685,139665,,,,,,,,,,,,
其他业务事件,598,pwa_home_cash_guided_task_show,首页引导任务展示,显示引导现金任务,引导任务曝光,15258,347681,,,,,,,,,,,,
其他业务事件,599,pwa_home_cash_guided_task_click,首页引导任务点击,点击引导任务,引导任务点击率,4808,48833,,,,,,,,,,,,
其他业务事件,600,pwa_home_cash_guided_task_result,首页引导任务结果,引导任务完成结果,引导任务完成率,6178,16527,,,,,,,,,,,,
其他业务事件,602,pwa_settlement_popup_view,结算弹窗查看,查看结算弹窗,结算弹窗曝光,2567,198802,,,,,,,,,,,,
其他业务事件,603,pwa_revenue_window_show,收益窗口展示,显示收益窗口,收益窗口曝光,6802,10538,,,,,,,,,,,,
其他业务事件,610,pwa_open_in_apk_click,在APK中打开点击,点击在APK打开,APK打开转化,5656,48921,,,,,,,,,,,,
其他业务事件,611,pwa_not_installed_when_input_age,输入年龄时未安装,年龄输入时未安装PWA,未安装统计,3850,6086,,,,,,,,,,,,
其他业务事件,620,pwa_onboarding_avatar_upload_button_click,头像上传按钮点击,点击上传头像按钮,头像上传意向,11366,34295,,,,,,,,,,,,
其他业务事件,622,pwa_perm_ig_authorization,Instagram授权权限,Instagram权限授权,INS权限授予率,436,436,,,,,,,,,,,,
转化漏斗详细流程 (Conversion Funnel Details),623,pwa_conv_banner1_show,转化轮播图1展示,显示第1张轮播图,轮播图1曝光,23301,27414,,,,,,,,,,,,
转化漏斗详细流程 (Conversion Funnel Details),624,pwa_conv_banner1_clickButton,转化轮播图1点击,点击第1张轮播图,轮播图1点击率,13071,14576,,,,,,,,,,,,
转化漏斗详细流程 (Conversion Funnel Details),625,pwa_conv_banner2_show,转化轮播图2展示,显示第2张轮播图,轮播图2曝光,23301,27414,,,,,,,,,,,,
转化漏斗详细流程 (Conversion Funnel Details),626,pwa_conv_banner2_clickButton,转化轮播图2点击,点击第2张轮播图,轮播图2点击率,13259,14555,,,,,,,,,,,,
转化漏斗详细流程 (Conversion Funnel Details),627,pwa_conv_banner3_show,转化轮播图3展示,显示第3张轮播图,轮播图3曝光,23301,27414,,,,,,,,,,,,
转化漏斗详细流程 (Conversion Funnel Details),628,pwa_conv_banner3_clickButton,转化轮播图3点击,点击第3张轮播图,轮播图3点击率,14519,15644,,,,,,,,,,,,
转化漏斗详细流程 (Conversion Funnel Details),629,pwa_conv_install_web_show,转化Web应用安装页展示,显示Web应用安装页,安装页曝光(方案A),15527,19508,,,,,,,,,,,,
转化漏斗详细流程 (Conversion Funnel Details),630,pwa_conv_install_web_clickButton,转化Web应用安装点击,点击安装Web应用,Web安装转化(方案A),11713,17800,,,,,,,,,,,,
转化漏斗详细流程 (Conversion Funnel Details),635,pwa_conv_download_apk_pop_show,转化APK下载弹窗展示,显示下载弹窗,下载弹窗曝光(方案B),3436,3816,,,,,,,,,,,,
转化漏斗详细流程 (Conversion Funnel Details),636,pwa_conv_download_apk_pop_clickButton,转化APK下载弹窗点击,点击下载弹窗,弹窗下载转化(方案B),2461,5061,,,,,,,,,,,,
转化漏斗详细流程 (Conversion Funnel Details),637,pwa_conv_set_name_show,转化设置用户名页展示,显示用户名设置页,用户名页曝光,18844,49439,,,,,,,,,,,,
转化漏斗详细流程 (Conversion Funnel Details),638,pwa_conv_set_name_clickButton,转化设置用户名点击,点击设置用户名,用户名设置率,12927,27300,,,,,,,,,,,,
转化漏斗详细流程 (Conversion Funnel Details),639,pwa_conv_set_age_show,转化设置年龄页展示,显示年龄设置页,年龄页曝光,12371,29390,,,,,,,,,,,,
转化漏斗详细流程 (Conversion Funnel Details),640,pwa_conv_set_age_clickButton,转化设置年龄点击,点击设置年龄,年龄设置率,12088,24895,,,,,,,,,,,,
转化漏斗详细流程 (Conversion Funnel Details),641,pwa_conv_upload_photo_show,转化上传照片页展示,显示照片上传页,照片页曝光,11875,20963,,,,,,,,,,,,
转化漏斗详细流程 (Conversion Funnel Details),642,pwa_conv_upload_photo_album_click,转化相册选择点击,点击选择相册,相册选择率,10664,33327,,,,,,,,,,,,
转化漏斗详细流程 (Conversion Funnel Details),643,pwa_conv_upload_photo_camera_click,转化相机拍照点击,点击相机拍照,拍照选择率,2434,5831,,,,,,,,,,,,
转化漏斗详细流程 (Conversion Funnel Details),644,pwa_conv_upload_photo_success,转化上传照片成功,照片上传成功,照片上传成功率,10123,30289,,,,,,,,,,,,
转化漏斗详细流程 (Conversion Funnel Details),645,pwa_conv_upload_photo_clickButton,转化上传照片按钮点击,点击照片上传按钮,照片提交率,9904,37748,,,,,,,,,,,,
转化漏斗详细流程 (Conversion Funnel Details),646,pwa_conv_phone_page_show,转化电话页展示,显示电话输入页,电话页曝光,6560,6998,,,,,,,,,,,,
转化漏斗详细流程 (Conversion Funnel Details),647,pwa_conv_phone_page_clickButton,转化电话页按钮点击,点击电话页按钮,电话输入完成率,5986,6651,,,,,,,,,,,,
转化漏斗详细流程 (Conversion Funnel Details),648,pwa_conv_phone_pop_cancel,转化电话弹窗取消,取消电话确认,电话取消率,682,795,,,,,,,,,,,,
转化漏斗详细流程 (Conversion Funnel Details),649,pwa_conv_phone_pop_confirm,转化电话弹窗确认,确认电话号码,电话确认率,5804,5815,,,,,,,,,,,,
转化漏斗详细流程 (Conversion Funnel Details),650,pwa_conv_cash_ready_pop_show,转化提现准备弹窗展示,显示准备提现弹窗,提现准备弹窗曝光,6559,25956,,,,,,,,,,,,
转化漏斗详细流程 (Conversion Funnel Details),651,pwa_conv_cash_ready_pop_clickButton,转化提现准备弹窗点击,点击准备提现,提现准备转化率,4782,11333,,,,,,,,,,,,
转化漏斗详细流程 (Conversion Funnel Details),652,pwa_conv_google_login_go,转化Google登录跳转,跳转Google登录,Google登录跳转率,14187,20074,,,,,,,,,,,,
转化漏斗详细流程 (Conversion Funnel Details),653,pwa_conv_google_login_success,转化Google登录成功,Google登录成功,Google登录成功率,14601,19313,,,,,,,,,,,,
转化漏斗详细流程 (Conversion Funnel Details),654,pwa_conv_google_login_fail,转化Google登录失败,Google登录失败,Google登录失败率,495,2009,,,,,,,,,,,,
转化漏斗详细流程 (Conversion Funnel Details),655,pwa_conv_link_pop_cancel,转化链接弹窗取消,取消账号链接,链接取消率,830,1299,,,,,,,,,,,,
转化漏斗详细流程 (Conversion Funnel Details),656,pwa_conv_link_pop_overwrite,转化链接弹窗覆盖,确认覆盖链接,链接覆盖率,998,2733,,,,,,,,,,,,
转化漏斗详细流程 (Conversion Funnel Details),657,pwa_conv_cash_out_clickButton,转化提现按钮点击,点击提现按钮,提现按钮点击率,6081,11875,,,,,,,,,,,,
转化漏斗详细流程 (Conversion Funnel Details),658,pwa_conv_paypal_page_show,转化PayPal页展示,显示PayPal绑定页,PayPal页曝光,5824,8135,,,,,,,,,,,,
转化漏斗详细流程 (Conversion Funnel Details),659,pwa_conv_paypal_page_clickButton,转化PayPal页点击,点击PayPal按钮,PayPal绑定转化率,5102,6669,,,,,,,,,,,,
转化漏斗详细流程 (Conversion Funnel Details),660,pwa_conv_cash_success_pop_show,转化提现成功弹窗展示,显示提现成功弹窗,成功弹窗曝光,5378,11294,,,,,,,,,,,,
转化漏斗详细流程 (Conversion Funnel Details),661,pwa_conv_cash_success_page_show,转化提现成功页展示,显示提现成功页,成功页曝光,5312,10021,,,,,,,,,,,,
转化漏斗详细流程 (Conversion Funnel Details),662,pwa_conv_keep_earning_clickButton,转化继续赚钱点击,点击继续赚钱,继续赚钱转化率,5241,9496,,,,,,,,,,,,
转化漏斗详细流程 (Conversion Funnel Details),663,pwa_conv_video_rules_pop_show,转化视频规则弹窗展示,显示视频规则,规则弹窗曝光,3879,7924,,,,,,,,,,,,
转化漏斗详细流程 (Conversion Funnel Details),664,pwa_conv_video_rules_next1_click,转化视频规则下一步1点击,规则第1步,规则阅读进度,3845,3924,,,,,,,,,,,,
转化漏斗详细流程 (Conversion Funnel Details),665,pwa_conv_video_rules_next2_click,转化视频规则下一步2点击,规则第2步,规则阅读完成率,3553,3626,,,,,,,,,,,,
转化漏斗详细流程 (Conversion Funnel Details),666,pwa_conv_call1_invited_page_show,转化第1通邀请页展示,显示第1通邀请,第1通邀请曝光,4462,15813,,,,,,,,,,,,
转化漏斗详细流程 (Conversion Funnel Details),667,pwa_conv_call1_cancel_click,转化第1通取消点击,取消第1通,第1通取消率,1102,4995,,,,,,,,,,,,
转化漏斗详细流程 (Conversion Funnel Details),668,pwa_conv_call1_video_click,转化第1通视频点击,接受第1通视频,第1通接受率,3010,4854,,,,,,,,,,,,
转化漏斗详细流程 (Conversion Funnel Details),669,pwa_conv_call1_play_success,转化第1通播放成功,第1通视频播放成功,第1通播放成功率,3374,8830,,,,,,,,,,,,
转化漏斗详细流程 (Conversion Funnel Details),671,pwa_conv_call1_settle_clickButton,转化第1通结算点击,点击第1通结算,第1通结算确认率,1,1,,,,,,,,,,,,
转化漏斗详细流程 (Conversion Funnel Details),674,pwa_conv_call1_end_click,转化第1通结束点击,点击结束第1通,第1通提前结束率,1431,4738,,,,,,,,,,,,
转化漏斗详细流程 (Conversion Funnel Details),675,pwa_conv_call1_end_confirm,转化第1通结束确认,确认结束第1通,第1通提前结束确认率,1414,4677,,,,,,,,,,,,
转化漏斗详细流程 (Conversion Funnel Details),676,pwa_conv_call2_invited_page_show,转化第2通邀请页展示,显示第2通邀请,第2通邀请曝光,1889,9394,,,,,,,,,,,,
转化漏斗详细流程 (Conversion Funnel Details),677,pwa_conv_call2_cancel_click,转化第2通取消点击,取消第2通,第2通取消率,343,796,,,,,,,,,,,,
转化漏斗详细流程 (Conversion Funnel Details),678,pwa_conv_call2_video_click,转化第2通视频点击,接受第2通视频,第2通接受率,1134,1835,,,,,,,,,,,,
转化漏斗详细流程 (Conversion Funnel Details),679,pwa_conv_call2_play_success,转化第2通播放成功,第2通视频播放成功,第2通播放成功率,2036,4819,,,,,,,,,,,,
转化漏斗详细流程 (Conversion Funnel Details),682,pwa_conv_call2_end_click,转化第2通结束点击,点击结束第2通,第2通提前结束率,443,1445,,,,,,,,,,,,
转化漏斗详细流程 (Conversion Funnel Details),683,pwa_conv_call2_end_confirm,转化第2通结束确认,确认结束第2通,第2通提前结束确认率,422,1402,,,,,,,,,,,,
转化漏斗详细流程 (Conversion Funnel Details),685,pwa_conv_settle_fail_no_voice_show,转化结算失败无语音展示,显示未说话提示,未说话失败统计,492,1836,,,,,,,,,,,,
转化漏斗详细流程 (Conversion Funnel Details),686,pwa_conv_lp_clickButton,转化落地页按钮点击,点击落地页按钮,落地页按钮点击率,28517,38240,,,,,,,,,,,,
,,ad_ClickButton,,,,39387,55626,,,,,,,,,,,,
,,ad_pwa_conv_lp_show,,,,24523,33566,,,,,,,,,,,,
,,ad_RegisterPageView,,,,18863,49518,,,,,,,,,,,,
,,ad_pwa_conv_lp_clickButton,,,,12925,17399,,,,,,,,,,,,
,,pwa_server_fake_call_request,,,,11086,6019995,,,,,,,,,,,,
,,pwa_server_fake_call_failed,,,,10472,2017350,,,,,,,,,,,,
,,ad_pwa_conv_banner1_show,,,,10221,12988,,,,,,,,,,,,
,,ad_ClickInstall,,,,9579,9841,,,,,,,,,,,,
,,ad_Installed,,,,8617,12714,,,,,,,,,,,,
,,ad_pwa_conv_install_web_show,,,,6509,8150,,,,,,,,,,,,
,,ad_pwa_conv_banner2_show,,,,6356,8178,,,,,,,,,,,,
,,ad_pwa_conv_banner1_clickButton,,,,6300,7341,,,,,,,,,,,,
,,ad_pwa_conv_banner3_show,,,,6172,7236,,,,,,,,,,,,
,,ad_pwa_conv_banner2_clickButton,,,,6128,7096,,,,,,,,,,,,
,,pwa_open_apk,,,,5775,108502,,,,,,,,,,,,
,,ad_WithdrawComplete_Stage1,,,,5775,5782,,,,,,,,,,,,
,,ad_pwa_conv_banner3_clickButton,,,,5329,6478,,,,,,,,,,,,
,,ad_ApkDownloadComplete,,,,3857,27874,,,,,,,,,,,,
,,ad_pwa_conv_install_web_clickButton,,,,3839,4593,,,,,,,,,,,,
,,pwa_start_foreground_service,,,,3405,96121,,,,,,,,,,,,
,,ad_pwa_conv_install_web_pop_show,,,,3200,3600,,,,,,,,,,,,
,,ad_pwa_conv_install_web_pop_clickButton,,,,2710,2764,,,,,,,,,,,,
,,pwa_server_fake_call_success,,,,2638,4002638,,,,,,,,,,,,
,,ad_FaceVerifyComplete,,,,2138,2138,,,,,,,,,,,,
,,pwa_voice_transcript_init,,,,1910,168767,,,,,,,,,,,,
,,pwa_voice_transcription_start,,,,1910,168767,,,,,,,,,,,,
,,pwa_voice_transcription_start_success,,,,1893,168288,,,,,,,,,,,,
,,pwa_voice_transcript_stop,,,,1875,170194,,,,,,,,,,,,
,,ad_MockOrderComplete,,,,1818,91333,,,,,,,,,,,,
,,pwa_voice_transcript_im_matched,,,,1689,117658,,,,,,,,,,,,
,,pwa_voice_transcript_upload_attempt,,,,1684,116924,,,,,,,,,,,,
,,pwa_voice_transcript_upload_success,,,,1682,116514,,,,,,,,,,,,
,,pwa_voice_transcript_first_message,,,,1623,131593,,,,,,,,,,,,
,,pwa_call_begin_from_native,,,,1279,129127,,,,,,,,,,,,
,,pwa_native_call_end,,,,1254,119534,,,,,,,,,,,,
,,pwa_call_begin_web,,,,1239,42820,,,,,,,,,,,,
,,pwa_native_voice_data_received,,,,1165,6422507,,,,,,,,,,,,
,,pwa_voice_transcript_cleanup,,,,1070,28930,,,,,,,,,,,,
,,ad_WithdrawComplete_Stage2,,,,943,960,,,,,,,,,,,,
,,pwa_video_call_poor_connection_detected,,,,797,252118,,,,,,,,,,,,
,,pwa_script_action,,,,627,2803807,,,,,,,,,,,,
,,join_hatching_pool,,,,557,562,,,,,,,,,,,,
,,ad_WithdrawComplete_Stage3,,,,497,520,,,,,,,,,,,,
,,join_the_racing_pool,,,,353,475,,,,,,,,,,,,
,,ad_WithdrawComplete_Stage4,,,,315,334,,,,,,,,,,,,
,,ad_WithdrawComplete_Stage7,,,,283,6957,,,,,,,,,,,,
,,ad_pwa_conv_download_apk_pop_show,,,,266,317,,,,,,,,,,,,
,,the_racing_pool_settle_hour_wage,,,,254,367,,,,,,,,,,,,
,,ad_WithdrawComplete_Stage5,,,,235,249,,,,,,,,,,,,
,,ad_pwa_conv_download_apk_pop_clickButton,,,,165,208,,,,,,,,,,,,
,,ad_WithdrawComplete_Stage6,,,,153,158,,,,,,,,,,,,
,,join_main_flow_pool,,,,150,150,,,,,,,,,,,,
,,pwa_voice_transcript_upload_error,,,,96,253,,,,,,,,,,,,
,,disuse_pool,,,,88,88,,,,,,,,,,,,
,,pwa_voice_transcription_start_error,,,,86,160,,,,,,,,,,,,
,,pwa_searching_orde_popup_show,,,,59,90,,,,,,,,,,,,
,,pwa_searching_order_popup_click,,,,53,128,,,,,,,,,,,,
,,pwa_fake_call_back_popup_show,,,,50,352,,,,,,,,,,,,
,,pwa_fake_call_back_result,,,,48,245,,,,,,,,,,,,
,,pwa_voice_transcript_upload_failed,,,,45,53,,,,,,,,,,,,
,,pwa_fake_call_back_popup_dislike_click,,,,40,97,,,,,,,,,,,,
,,pwa_searching_order_popup_result,,,,40,53,,,,,,,,,,,,
,,pwa_fake_call_back_popup_callback_click,,,,39,94,,,,,,,,,,,,
,,ins_query_user_misc,,,,30,2541,,,,,,,,,,,,
,,pwa_voice_transcription_start_failed,,,,26,32,,,,,,,,,,,,
,,generate_ins_message,,,,22,1224,,,,,,,,,,,,
,,pwa_audio_call_started,,,,15,15,,,,,,,,,,,,
,,pwa_ins_text_earn,,,,8,67,,,,,,,,,,,,
,,ins_message_send,,,,7,63,,,,,,,,,,,,
,,get_ins_chat_reward,,,,7,63,,,,,,,,,,,,
,,pwa_auto_call_task_disabled,,,,4,71,,,,,,,,,,,,
,,pwa_male_onboarding_page_show,,,,2,2,,,,,,,,,,,,